mathemat,1.4784096500276964
theori,1.570217199280819
use,1.3573830176254706
number,1.6347557204183902
physic,1.5880026317140354
scienc,1.4581484648878744
one,1.4271163556401458
work,1.4653375684603436
univers,1.581498543744859
displaystyl,3.5996483203859935
equat,1.9853442183007204
time,1.4638956071434424
theorem,2.183321672167228
also,1.4201959127955721
first,1.5156440331477397
algebra,2.0688313625678205
studi,1.6061101223414258
space,1.8664830154239915
histori,1.6838023277229628
two,1.6044503709230613
function,2.05572501506252
new,1.535568063867645
system,1.862181933524601
field,1.6982691261407161
quantum,2.2256240518579173
geometri,2.1803674602697964
set,1.797777541553618
gener,1.5847452998437288
problem,1.7147984280919266
model,2.098284629481316
develop,1.5278579254416773
exampl,1.7957674906255938
project,1.9310215365615626
solut,2.1230451791619678
atom,2.286055791042835
comput,1.9519282213808764
differenti,2.4690333006317102
class,2.4304184645039304
mathematician,2.168637120484307
edit,2.2256240518579173
state,1.75061752589688
isbn,3.079113882493042
group,2.0874737133771
would,1.7758861200717648
book,1.8838747581358606
world,1.6416168107983355
research,1.7622006669865107
complex,2.045362228026973
pp,3.131170244449095
prime,2.807870536384421
math,2.114723355824476
year,1.720369473141382
form,1.793761471898728
mechan,2.19223703582518
may,1.7297240783086023
right,1.7818091383748869
origin,2.0874737133771
mani,1.6364665848220197
bomb,2.7333680090865
applic,1.982919974689214
differ,1.6946327584973322
relat,1.6784307839210517
analysi,2.145581344184381
articl,1.862181933524601
question,1.9310215365615626
natur,1.793761471898728
properti,1.9975543822076518
point,1.91959284073794
doi,2.995732273553991
method,1.9805015938249324
american,2.302585092994046
call,1.8664830154239915
learn,1.6660082639224947
calculu,2.501036031717884
term,1.6713133161521878
follow,1.6713133161521878
energi,2.207274913189721
like,1.7092582477163114
known,1.789761466565382
feynman,3.116018439428493
inform,1.7758861200717648
oper,2.1715568305876416
archiv,2.664033315685436
retriev,3.036554268074246
see,1.7563923253907636
element,2.2164073967529934
us,1.554318613213021
probabl,2.2730262907525014
result,1.7818091383748869
includ,1.6519975268528964
life,1.9015743352352616
law,2.050530198185416
determin,2.098284629481316
statist,2.241176464865402
nuclear,2.5682882587270512
press,2.3092740811448422
vector,2.870569130599985
way,1.7563923253907636
process,2.1010057195956766
object,2.183321672167228
newton,2.9565115604007097
content,1.6245515502441485
left,2.286055791042835
import,1.720369473141382
integr,2.302585092994046
find,1.7563923253907636
logic,2.5215706341595916
make,1.7391670191088844
could,1.9105430052180221
proof,2.4729780789227265
measur,2.183321672167228
help,1.7467861035853238
topolog,2.900422093749666
search,1.6766466621275504
engin,2.027481802749125
structur,2.1258345812495465
main,1.8493885820646914
publish,2.0024805005437076
categori,2.6127400212978853
data,2.13989951071695
concept,1.9127977976051111
given,2.0149030205422647
product,2.030016658352313
centuri,2.137070654516472
continu,1.7957674906255938
creat,1.8058583936075567
understand,1.8729695246535982
particl,2.5425357626246368
appli,1.9542783987258299
paper,2.2665746554710124
statement,2.2633643798407643
contribut,1.862181933524601
real,2.1599287925925226
scientist,1.9877743531540122
manhattan,2.786011742571922
student,2.0000144080485143
definit,2.2697952701710546
order,2.1286317858706076
non,2.1484344131667874
solv,2.1037342342488805
chang,1.9218681545750755
test,2.204249192273184
linear,2.5902671654458267
scientif,1.9780890474195485
educ,2.074122380202236
made,1.8472721791583138
oppenheim,3.2188758248682006
philosophi,2.449539505950709
valu,2.2164073967529934
read,1.8557647992039674
part,1.8140050781753747
show,1.8949002281475684
principl,2.168637120484307
unit,2.076778424260352
war,2.407945608651872
ring,3.093712681914195
view,1.8472721791583138
note,2.0901655050428114
describ,2.0124061403436775
even,1.8993446799079925
john,2.4572914827550267
posit,2.1037342342488805
later,2.004952689689097
provid,1.8729695246535982
experi,1.9975543822076518
calcul,2.0794415416798357
area,1.995100393246085
matrix,3.170085660698769
get,1.9495835544216222
nation,2.222542385320509
line,2.2601643771100934
three,2.027481802749125
mean,2.0249533563957662
second,1.995100393246085
foundat,2.047942874620465
construct,2.282782465697866
cours,2.1230451791619678
game,2.668829487948929
school,2.114723355824476
power,1.9173226922034008
base,1.9127977976051111
possibl,2.0024805005437076
physicist,2.1952265746735464
need,1.9708861351254905
type,2.047942874620465
born,2.396895772465287
advanc,1.9805015938249324
de,2.5425357626246368
consid,1.9853442183007204
defin,2.282782465697866
addit,1.9472443720684498
well,1.8305002975444855
graph,3.02276094594191
refer,1.933323033549842
exist,2.1427363920521496
design,2.117489609317366
frac,4.177726171161152
modern,2.13989951071695
case,2.1952265746735464
howev,2.007431005703564
polici,1.8078888511579387
map,2.4849066497880004
seri,2.2164073967529934
name,1.9379419794061366
societi,2.3059239942595604
free,2.1064702140677554
sinc,2.0531242333624626
institut,2.2537949288246137
euler,3.235682943184582
ed,2.94377253462328
move,2.1230451791619678
prove,2.219470186283539
technolog,1.940259477546499
econom,2.8023608805734512
deriv,2.5091993423570447
page,1.9637347339678652
link,2.027481802749125
public,2.145581344184381
account,2.15129564544782
classic,2.360920670007009
prize,2.5770219386958058
fact,2.050530198185416
cambridg,2.6931615886084597
take,1.9495835544216222
list,2.027481802749125
share,1.9708861351254905
found,2.0249533563957662
fundament,2.0901655050428114
theoret,2.1541650878757723
languag,2.2164073967529934
requir,2.0427882240318005
observ,2.3823500614629083
euclidean,3.101092789211817
transform,2.5510464522925456
york,2.4116561880484078
author,2.076778424260352
idea,2.0402208285265546
reason,2.37874645395961
everi,2.0249533563957662
peopl,2.0149030205422647
formula,2.434213535472482
squar,2.4304184645039304
earli,2.15129564544782
site,1.9902104079518932
chapter,2.65450943417418
sum,2.5174298414935605
anoth,2.0000144080485143
program,2.213353959266103
richard,2.640391552628395
close,2.0124061403436775
light,2.4572914827550267
forc,2.41538058713939
partial,2.9565115604007097
commun,2.134249778174831
topic,1.968496647728109
biographi,2.7181005369557116
effect,2.247465793772966
pdf,2.617295837833746
infinit,2.585832568377961
factor,2.659260036932778
geometr,2.65450943417418
black,3.0647251450409425
person,2.047942874620465
tool,2.109213700013506
complet,2.0794415416798357
event,2.4005655013542495
social,2.336486644669727
repres,2.371577964480997
wave,2.65450943417418
gauss,3.421400088979675
open,2.05572501506252
rel,2.350375756830394
robert,2.6127400212978853
identifiersarticl,3.7297014486341915
multipl,2.449539505950709
present,2.076778424260352
lo,2.9126173668434845
subject,1.9926524116074449
discov,2.045362228026973
discoveri,2.247465793772966
approach,2.2665746554710124
discuss,2.207274913189721
june,2.5770219386958058
condit,2.207274913189721
axiom,3.2968373663379125
sign,2.1892564076870427
journal,2.698099870249042
give,2.035105727859784
becam,2.2795198200630495
equal,2.3895964699836756
write,2.1286317858706076
larg,2.201232598733758
von,3.1621804811916556
direct,2.1230451791619678
august,2.7181005369557116
motion,2.7231638389122583
explor,2.0427882240318005
materi,2.2380465718564744
human,2.286055791042835
answer,2.5299040157187362
cdot,3.847484484290575
april,2.7181005369557116
alamo,3.0647251450409425
basic,2.1570427877033875
english,2.24431618487007
einstein,2.5682882587270512
much,2.082111770235715
variabl,2.6127400212978853
galileo,3.9990343824177756
contain,2.2762677846766723
dynam,2.754094139603617
algorithm,2.7333680090865
dimension,2.864704011147587
day,2.111964733385396
know,2.0714733720306593
introduct,2.210309816884875
curv,2.791431810041261
must,2.2697952701710546
fermi,3.3058872018578307
sourc,2.2256240518579173
sequenc,2.9759296462578115
interest,2.0531242333624626
express,2.375155785828881
becom,1.982919974689214
connect,2.247465793772966
busi,2.461190123170684
limit,2.322787800311565
special,2.201232598733758
start,2.0635681925235456
secur,2.7385094085869186
hole,3.587526959853649
art,2.282782465697866
al,3.1085277676993353
distribut,2.698099870249042
degre,2.2762677846766723
juli,2.7385094085869186
high,2.15129564544782
electr,2.8023608805734512
weapon,2.9311937524164198
practic,2.1892564076870427
german,2.559630195983937
place,2.120263536200091
privaci,1.7525387560747736
mass,2.5902671654458267
review,2.3573933294890406
finit,2.7385094085869186
march,2.7488721956224653
nobel,2.786011742571922
lectur,2.4651040224918206
laboratori,2.7488721956224653
contact,1.7957674906255938
rule,2.3538783873815965
shift,3.278979748937906
appear,2.4116561880484078
collect,2.2926347621408776
philosoph,2.791431810041261
numer,2.43802306388915
allow,2.1484344131667874
access,2.074122380202236
dirac,3.7297014486341915
sever,2.098284629481316
descart,3.928830123744527
correspond,2.5425357626246368
electron,2.8023608805734512
support,2.0901655050428114
angl,2.9824870468039704
associ,2.2926347621408776
matter,2.407945608651872
section,2.207274913189721
say,2.375155785828881
conjectur,3.4845789906012063
bohr,3.552020271396739
end,2.111964733385396
around,2.168637120484307
abstract,2.617295837833746
variou,2.2506253540633345
involv,2.2164073967529934
root,2.7646205525906042
resourc,2.2256240518579173
often,2.204249192273184
common,2.213353959266103
pythagora,3.702302474446077
tabl,2.183321672167228
age,2.2318160221058383
januari,2.8023608805734512
produc,2.350375756830394
last,1.9472443720684498
cooki,2.3573933294890406
member,2.5425357626246368
com,2.396895772465287
chain,3.1085277676993353
uranium,3.235682943184582
without,2.13989951071695
intern,2.375155785828881
let,2.43802306388915
teach,2.585832568377961
log,2.4228712588685477
path,2.7488721956224653
network,2.818981761809492
text,2.3059239942595604
zero,2.659260036932778
bullet,5.521460917862246
best,2.183321672167228
explain,2.2318160221058383
volum,2.594721515795207
exam,3.1780538303479458
triangl,3.093712681914195
role,2.299257302901371
mathbf,4.422848629194137
great,2.234926444520231
knowledg,2.2380465718564744
imag,2.3059239942595604
famou,2.375155785828881
next,1.9877743531540122
formal,2.631089159966082
thu,2.4266377416640244
lesson,3.3429284735381795
simpl,2.312635428847547
control,2.4572914827550267
jame,2.791431810041261
neumann,3.517731197918107
ii,2.4228712588685477
top,2.0124061403436775
select,2.396895772465287
level,2.3261949586331796
greek,2.962942450731
home,2.004952689689097
letter,2.626470214109787
figur,2.4849066497880004
constant,2.585832568377961
surfac,2.7333680090865
discret,2.9824870468039704
die,2.41538058713939
live,2.2697952701710546
manag,2.375155785828881
play,2.289339866244025
predict,2.6882475738060303
string,3.3813947543659757
ad,2.3932394612621763
initi,2.396895772465287
written,2.2569745817419933
back,2.137070654516472
euclid,3.361976668508874
side,2.631089159966082
tutor,3.8319802977546096
consist,2.371577964480997
rate,2.8943797792937036
springer,3.116018439428493
although,2.329613765381965
hawk,4.11454726953962
long,2.2665746554710124
independ,2.480914628518463
think,2.396895772465287
symbol,2.7385094085869186
integ,2.882403588246988
interact,2.581417550168844
receiv,2.2569745817419933
still,2.2380465718564744
current,2.3573933294890406
small,2.368012898316501
http,2.2762677846766723
govern,2.329613765381965
bibcod,3.8954937034769355
look,2.2287152444275904
dimens,2.9187712324178627
award,2.645075401940822
report,2.5383074265151158
word,2.4266377416640244
scholar,3.071893634519555
citat,2.8588730908367936
tri,2.2318160221058383
introduc,2.445685936634719
random,3.2441936328524905
pythagorean,3.5996483203859935
arithmet,2.8764688527271733
septemb,2.864704011147587
translat,2.818981761809492
britannica,3.391247050808987
interpret,2.70805020110221
teacher,2.7333680090865
build,2.2762677846766723
radiat,2.9565115604007097
pi,3.517731197918107
within,2.3330443004787544
challeng,2.599195796190128
feedback,2.818981761809492
center,2.2665746554710124
improv,2.445685936634719
whether,2.4116561880484078
isaac,3.2105770220535055
librari,2.546782053506088
symmetri,3.2968373663379125
machin,2.8473122684357177
four,2.404248746770546
true,2.555329114084546
thing,2.350375756830394
servic,2.404248746770546
remain,2.286055791042835
suggest,2.4651040224918206
ask,2.371577964480997
key,2.396895772465287
cultur,2.534096893978772
women,2.7699256048202976
signific,2.329613765381965
period,2.50510935710552
decemb,2.870569130599985
circl,2.807870536384421
googl,3.138833117194664
lead,2.2926347621408776
toggl,2.9759296462578115
issu,2.461190123170684
chemistri,2.608204866132494
certain,2.4005655013542495
thought,2.4116561880484078
today,2.3399408795378145
noether,3.9633162998156966
polit,2.5510464522925456
techniqu,2.513306124309698
februari,2.835883572612095
digit,2.6882475738060303
video,2.461190123170684
octob,3.02276094594191
critic,2.546782053506088
particular,2.41538058713939
psycholog,3.227244074538717
stochast,4.0943445622221
ancient,2.9890877308353225
formul,2.6931615886084597
come,2.2506253540633345
approxim,2.664033315685436
obtain,2.645075401940822
specif,2.404248746770546
academi,2.9187712324178627
death,2.698099870249042
standard,2.50510935710552
establish,2.4116561880484078
said,2.5770219386958058
electromagnet,2.9501217623019387
paul,2.9249632026657837
turn,2.3059239942595604
go,2.2665746554710124
ramanujan,4.31748811353631
represent,2.796881414808826
uncertainti,3.624340932976365
might,2.350375756830394
ident,2.7806208939370456
action,2.371577964480997
org,2.461190123170684
invent,2.664033315685436
chao,3.847484484290575
bodi,2.7806208939370456
colleg,2.6784913988606656
det,5.298317366548036
wikipedia,3.0576076772720784
final,2.41538058713939
mari,3.391247050808987
therefor,2.6736487743848776
essenti,2.3399408795378145
separ,2.640391552628395
manifold,3.540459448995663
hilbert,3.287868696355152
major,2.396895772465287
higher,2.599195796190128
shape,2.546782053506088
earth,2.563949857128453
detail,2.2633643798407643
david,2.8943797792937036
avail,2.2318160221058383
william,2.94377253462328
hiroshima,3.552020271396739
health,2.640391552628395
ideal,3.315019685421103
descript,2.501036031717884
professor,2.5902671654458267
maxwel,3.8954937034769355
medicin,2.835883572612095
french,2.870569130599985
quantiti,2.9249632026657837
concern,2.534096893978772
magnet,3.2441936328524905
short,2.461190123170684
success,2.396895772465287
cannot,2.5510464522925456
basi,2.608204866132494
polynomi,3.235682943184582
plane,2.9759296462578115
similar,2.4116561880484078
citi,2.7282529084197296
equival,2.8473122684357177
version,2.4729780789227265
depend,2.599195796190128
grade,3.4955080611333966
arxiv,3.6625621457965627
oxford,3.287868696355152
organ,2.396895772465287
novemb,2.9311937524164198
accept,2.404248746770546
wrote,2.70805020110221
beth,3.7159081265018554
menu,2.0847891480064313
led,2.3468853518906254
travel,2.5682882587270512
scale,2.7130627429257546
co,2.824584017358162
influenc,2.5510464522925456
websit,2.581417550168844
curi,4.177726171161152
exact,3.116018439428493
accord,2.555329114084546
code,2.4005655013542495
activ,2.4849066497880004
behavior,2.9126173668434845
began,2.546782053506088
correct,2.6784913988606656
militari,3.2188758248682006
sampl,3.315019685421103
commut,3.3524072174927233
respect,2.5215706341595916
relationship,2.461190123170684
begin,2.4849066497880004
histor,2.635729539522584
chicago,2.8302178350764176
row,3.7578723256008875
stori,2.4729780789227265
star,3.093712681914195
plan,2.7231638389122583
career,2.3434070875143007
vol,3.131170244449095
biolog,2.807870536384421
want,2.461190123170684
never,2.4116561880484078
full,2.350375756830394
hypatia,4.292795500945939
act,2.640391552628395
total,2.6882475738060303
distanc,2.7130627429257546
father,2.7593434954897607
date,2.4769384801388235
matric,3.4955080611333966
london,3.0159349808715104
media,2.4690333006317102
news,2.668829487948929
music,3.3335387331883406
extern,2.818981761809492
encyclopedia,2.853075973152468
extens,2.5682882587270512
famili,2.626470214109787
planck,3.816712825623821
onlin,2.4769384801388235
man,2.703062659591171
length,2.786011742571922
ai,3.138833117194664
seem,2.5383074265151158
georg,2.9249632026657837
coordin,3.050540510048986
step,2.631089159966082
postul,3.452490676049706
navig,2.222542385320509
team,2.7646205525906042
previou,2.449539505950709
achiev,2.375155785828881
expert,3.029633825229672
momentum,3.552020271396739
omega,4.480007043034085
alway,2.441847160327553
germani,2.608204866132494
combin,2.4969792310222694
comment,2.599195796190128
among,2.4572914827550267
togeth,2.368012898316501
print,2.4690333006317102
analyt,2.7282529084197296
offer,2.5174298414935605
na,4.605170185988092
due,2.572645564096007
less,2.4769384801388235
individu,2.77525895079566
least,2.5257286443082556
depart,2.617295837833746
michael,3.20234652291699
presid,3.079113882493042
style,2.9565115604007097
other,2.445685936634719
graviti,3.101092789211817
pleas,2.364460496712133
fission,3.506557897319982
divis,2.7333680090865
investig,2.626470214109787
download,2.364460496712133
precis,2.7231638389122583
academ,2.7282529084197296
der,3.411247717515657
cite,2.6036901857779675
good,2.360920670007009
argument,3.036554268074246
featur,2.4266377416640244
size,2.65450943417418
impact,2.626470214109787
join,2.50510935710552
propos,2.683357588511839
british,3.029633825229672
alreadi,2.4729780789227265
alpha,3.8319802977546096
optim,3.093712681914195
phi,3.7436876906089314
whose,2.563949857128453
caus,2.703062659591171
futur,2.563949857128453
modul,3.5996483203859935
sens,2.6882475738060303
variat,3.3058872018578307
abl,2.449539505950709
guid,2.585832568377961
rather,2.572645564096007
neutron,3.473768074496991
post,2.5770219386958058
elementari,2.703062659591171
pattern,2.9187712324178627
committe,3.411247717515657
branch,2.659260036932778
charg,3.0091552938861317
equilibrium,4.017383521085972
believ,2.664033315685436
identifi,2.581417550168844
conduct,2.5257286443082556
composit,3.0024212617047876
intellig,2.882403588246988
decis,2.818981761809492
littl,2.546782053506088
assum,2.853075973152468
perform,2.5425357626246368
climat,3.7578723256008875
demonstr,2.5682882587270512
heisenberg,3.7159081265018554
offic,2.888373755233492
japan,3.1543373037306295
invers,3.170085660698769
notion,3.0435229373903394
infin,3.452490676049706
et,3.1941832122778293
editor,2.668829487948929
add,2.6931615886084597
ratio,3.227244074538717
faraday,4.605170185988092
bc,3.8319802977546096
axiomat,3.928830123744527
experiment,2.7593434954897607
potenti,2.7593434954897607
conserv,3.278979748937906
interview,3.391247050808987
galoi,4.074541934925921
astronomi,2.8943797792937036
fluid,3.575550768806933
notat,2.9824870468039704
fourier,3.587526959853649
singl,2.594721515795207
hat,4.509860006183766
hand,2.6497812929782345
respons,2.659260036932778
brows,2.7130627429257546
grove,3.5290307531720404
rangl,4.961845129926823
diagram,3.1085277676993353
via,2.445685936634719
domain,2.8943797792937036
royal,3.411247717515657
mind,2.6497812929782345
instanc,2.8473122684357177
actual,2.594721515795207
reaction,3.079113882493042
stephen,3.4955080611333966
meitner,4.509860006183766
third,2.617295837833746
ch,3.9810158769150976
fibonacci,4.156219965940188
wide,2.5174298414935605
evid,2.8473122684357177
compani,2.6736487743848776
though,2.594721515795207
month,2.6784913988606656
local,2.9249632026657837
uniqu,2.703062659591171
increas,2.7181005369557116
carl,3.2968373663379125
outcom,3.270169119255751
effort,2.6127400212978853
came,2.5770219386958058
szilard,3.8954937034769355
regard,2.6784913988606656
attempt,2.743677378745361
gravit,3.3058872018578307
occur,2.703062659591171
int,4.245167451956684
princeton,3.0435229373903394
agre,2.4572914827550267
pure,2.786011742571922
along,2.65450943417418
proposit,3.7436876906089314
visual,2.5510464522925456
email,2.581417550168844
reactor,3.6625621457965627
took,2.594721515795207
industri,2.807870536384421
denot,3.1621804811916556
big,2.8473122684357177
homolog,4.017383521085972
far,2.5425357626246368
submit,2.6218725048611575
yet,2.5383074265151158
albert,2.791431810041261
return,2.6784913988606656
insight,2.7333680090865
extend,2.7282529084197296
index,2.7385094085869186
updat,2.396895772465287
pass,2.743677378745361
frequenc,3.3429284735381795
choic,2.7488721956224653
visit,2.608204866132494
niel,3.463072785380243
instead,2.6218725048611575
either,2.659260036932778
plutonium,3.7436876906089314
plant,3.0435229373903394
clear,2.7593434954897607
berlin,3.1780538303479458
textbook,2.818981761809492
armi,3.4420193761824107
almost,2.5902671654458267
assist,2.8473122684357177
japanes,3.452490676049706
save,2.6127400212978853
diseas,3.702302474446077
oclc,3.9459245571038273
subscrib,2.791431810041261
rang,2.640391552628395
check,2.594721515795207
kind,2.786011742571922
sphere,3.1085277676993353
market,3.101092789211817
self,2.7282529084197296
compon,2.9824870468039704
satisfi,3.029633825229672
analyz,2.9249632026657837
geographi,3.1543373037306295
speed,2.9249632026657837
deal,2.6736487743848776
psi,4.915325114291931
record,2.8588730908367936
commiss,3.1543373037306295
put,2.6736487743848776
central,2.7488721956224653
np,4.074541934925921
orbit,3.131170244449095
neg,2.888373755233492
subset,3.575550768806933
remark,2.888373755233492
parallel,3.3335387331883406
rotat,3.315019685421103
henc,3.2614354392869966
anim,2.9501217623019387
astronom,3.3058872018578307
radioact,3.452490676049706
www,2.7806208939370456
indian,3.540459448995663
hide,3.20234652291699
induct,3.391247050808987
popular,2.7130627429257546
copi,2.6736487743848776
tensor,3.912023005428146
literatur,2.698099870249042
flow,3.2614354392869966
hous,2.94377253462328
enrico,3.431656589146864
phenomena,2.8943797792937036
whole,2.7593434954897607
sigma,4.368781407923861
aspect,2.703062659591171
meet,2.870569130599985
nagasaki,3.7436876906089314
board,3.324236340526027
germain,4.422848629194137
locat,2.6882475738060303
global,2.835883572612095
indic,2.864704011147587
went,2.5425357626246368
sidebar,3.278979748937906
framework,2.9759296462578115
thoma,3.170085660698769
soviet,3.6756342273639158
popul,3.575550768806933
issn,3.587526959853649
someth,2.546782053506088
altern,2.8302178350764176
old,2.853075973152468
blog,2.824584017358162
credit,2.786011742571922
functor,5.233778845410465
beyond,2.635729539522584
head,2.7593434954897607
truth,3.2441936328524905
sin,3.9633162998156966
estim,2.9374633654300153
necessari,2.7593434954897607
tesla,4.710530701645918
facebook,2.5257286443082556
claim,3.050540510048986
recent,2.599195796190128
friend,3.0159349808715104
gave,2.841581593726733
skip,2.302585092994046
five,2.882403588246988
normal,2.94377253462328
upon,2.7593434954897607
veloc,3.391247050808987
graduat,2.888373755233492
hypothesi,3.235682943184582
collabor,2.864704011147587
amount,2.743677378745361
mindtouch,5.233778845410465
deki,5.233778845410465
technic,2.7806208939370456
user,2.9501217623019387
usual,2.7699256048202976
skill,2.888373755233492
ever,2.635729539522584
effici,3.0159349808715104
mark,2.7282529084197296
fall,2.9249632026657837
multipli,3.101092789211817
consequ,2.818981761809492
explan,2.9249632026657837
hold,2.791431810041261
expect,2.8588730908367936
isomorph,3.9990343824177756
delta,4.036075654098125
progress,2.7699256048202976
recommend,2.796881414808826
argu,3.2105770220535055
han,3.3058872018578307
woman,3.517731197918107
reflect,2.7699256048202976
context,2.835883572612095
mathbb,4.451019506160833
environ,2.818981761809492
italian,3.227244074538717
compar,2.7488721956224653
secret,3.071893634519555
timelin,3.1543373037306295
curvatur,3.7722610630529876
difficult,2.7181005369557116
alexandria,3.9459245571038273
washington,3.3058872018578307
wayback,4.268697949366879
subsect,3.452490676049706
langl,4.5723803631651005
notic,2.635729539522584
california,2.9890877308353225
entir,2.7385094085869186
charl,3.131170244449095
strategi,3.2188758248682006
legaci,3.170085660698769
pair,3.093712681914195
column,3.912023005428146
titl,2.7488721956224653
serv,2.7488721956224653
mr,3.56371631115993
purpos,2.807870536384421
lie,3.116018439428493
advertis,3.071893634519555
ray,3.170085660698769
toward,2.743677378745361
proceed,3.1780538303479458
region,3.101092789211817
rutherford,4.422848629194137
ration,3.123565645063876
fraction,3.138833117194664
spacetim,3.847484484290575
air,3.20234652291699
train,2.94377253462328
henri,3.1780538303479458
medic,3.116018439428493
drop,3.101092789211817
fix,2.9890877308353225
singular,3.6888794541139363
infti,4.268697949366879
director,3.1621804811916556
across,2.703062659591171
app,3.1860860020452098
sometim,2.870569130599985
seen,2.8302178350764176
friedrich,3.8016749482592807
boundari,3.5290307531720404
doctor,3.131170244449095
union,3.2105770220535055
better,2.5682882587270512
copyright,2.449539505950709
water,3.0863866418221217
divid,2.888373755233492
max,3.235682943184582
quadrat,3.4420193761824107
homotopi,4.177726171161152
player,3.702302474446077
st,3.287868696355152
leav,2.664033315685436
mock,4.268697949366879
price,3.473768074496991
devic,2.8134107167600364
cover,2.8134107167600364
paramet,3.452490676049706
theorist,4.199705077879927
confer,3.050540510048986
ordinari,3.235682943184582
care,2.818981761809492
taken,2.7593434954897607
edward,3.170085660698769
target,3.4845789906012063
mu,4.368781407923861
particularli,2.807870536384421
medal,3.611918412977808
young,2.9065011398260485
invari,3.452490676049706
rigor,3.235682943184582
exchang,3.3335387331883406
jee,5.0106352940962555
shown,2.870569130599985
la,3.3058872018578307
expand,2.8302178350764176
edg,3.278979748937906
twitter,2.645075401940822
done,2.7699256048202976
eventu,2.796881414808826
error,2.9565115604007097
situat,2.9759296462578115
profession,2.841581593726733
inc,2.668829487948929
simpli,2.796881414808826
enough,2.807870536384421
phase,3.3058872018578307
attribut,2.7699256048202976
late,2.9374633654300153
coeffici,3.3813947543659757
russian,3.2968373663379125
sun,3.1860860020452098
tradit,3.0435229373903394
exactli,2.824584017358162
scalar,4.036075654098125
half,2.9065011398260485
reduc,3.0647251450409425
assumpt,3.3429284735381795
perspect,3.02276094594191
overview,3.029633825229672
park,3.56371631115993
solid,3.079113882493042
distinct,2.9311937524164198
india,3.473768074496991
employ,2.8943797792937036
million,3.170085660698769
earlier,2.94377253462328
greatest,2.9311937524164198
densiti,3.4420193761824107
count,3.1085277676993353
enabl,2.645075401940822
jan,3.463072785380243
joseph,3.235682943184582
stack,4.156219965940188
strong,2.9311937524164198
accur,2.9249632026657837
hyperbol,3.7297014486341915
summari,2.8943797792937036
impli,3.1860860020452098
ethic,3.2527773765438823
explos,3.5996483203859935
happen,2.8588730908367936
thermodynam,3.7722610630529876
dot,3.7436876906089314
file,2.7806208939370456
carri,2.9824870468039704
greater,2.995732273553991
arab,3.816712825623821
crucial,3.116018439428493
peter,3.3058872018578307
mention,2.9759296462578115
van,3.2188758248682006
leibniz,3.7722610630529876
sqrt,4.509860006183766
exponenti,3.3813947543659757
pictur,3.0647251450409425
despit,2.870569130599985
leonhard,4.0943445622221
enter,2.824584017358162
unknown,3.2527773765438823
address,2.807870536384421
entri,3.361976668508874
entropi,4.54063166485052
near,3.0435229373903394
chemic,3.116018439428493
click,2.754094139603617
straight,3.463072785380243
soon,2.853075973152468
innov,2.9759296462578115
middl,3.123565645063876
examin,2.9501217623019387
emerg,3.116018439428493
exercis,3.3058872018578307
ensur,2.9565115604007097
abelian,4.268697949366879
regist,2.7181005369557116
acceler,3.2441936328524905
job,2.9065011398260485
color,3.315019685421103
smooth,3.6756342273639158
oak,3.6625621457965627
artifici,3.2188758248682006
especi,2.743677378745361
signal,3.421400088979675
triniti,3.3058872018578307
throughout,2.7333680090865
administr,3.2441936328524905
magazin,3.123565645063876
built,2.8302178350764176
reach,2.8473122684357177
assign,3.050540510048986
proport,3.361976668508874
quizz,3.2614354392869966
varphi,5.115995809754082
except,2.8473122684357177
face,2.8473122684357177
regular,3.071893634519555
chines,3.452490676049706
tech,3.1465551632885744
licens,2.7231638389122583
illustr,2.9249632026657837
heat,3.391247050808987
easi,2.864704011147587
children,3.071893634519555
riemann,3.56371631115993
realiti,3.170085660698769
gain,2.8473122684357177
graphic,3.3058872018578307
civil,3.2614354392869966
preserv,3.1860860020452098
affect,2.9065011398260485
pierr,3.5290307531720404
film,3.315019685421103
empir,3.371638579420611
abil,2.900422093749666
optic,3.361976668508874
son,3.1085277676993353
ground,3.0091552938861317
offici,3.1621804811916556
everyth,2.9565115604007097
sophi,4.268697949366879
mobil,2.835883572612095
prep,4.509860006183766
tree,3.431656589146864
document,3.227244074538717
decid,2.9565115604007097
america,3.101092789211817
lab,3.2968373663379125
valid,3.0647251450409425
ridg,3.6756342273639158
prepar,2.9824870468039704
revis,3.138833117194664
telescop,3.928830123744527
sir,3.463072785380243
roman,3.702302474446077
morphism,5.298317366548036
fast,3.093712681914195
femal,3.928830123744527
inspir,2.870569130599985
realli,2.9501217623019387
characterist,3.101092789211817
past,2.9565115604007097
linkedin,3.0647251450409425
environment,3.5290307531720404
immedi,3.0091552938861317
wikimedia,3.0863866418221217
appropri,2.9890877308353225
absolut,3.1543373037306295
growth,3.463072785380243
vertic,3.624340932976365
moon,3.5290307531720404
nabla,5.608472294851876
login,3.0647251450409425
yield,3.170085660698769
nasa,3.8954937034769355
conclus,2.962942450731
colleagu,3.1085277676993353
keep,2.824584017358162
recogn,2.807870536384421
bound,3.235682943184582
core,3.1085277676993353
clerk,4.036075654098125
evolut,3.324236340526027
christian,3.611918412977808
behind,2.841581593726733
european,3.2105770220535055
cryptographi,3.7578723256008875
infect,5.173154223594031
franc,3.138833117194664
simul,3.3813947543659757
religion,3.235682943184582
risk,3.56371631115993
emmi,4.156219965940188
planet,3.227244074538717
averag,3.3058872018578307
göttingen,3.9633162998156966
etc,3.116018439428493
opposit,2.9565115604007097
releas,3.3058872018578307
six,3.116018439428493
softwar,3.315019685421103
perfect,3.1780538303479458
talk,2.9890877308353225
stage,3.170085660698769
arriv,3.138833117194664
ab,3.8954937034769355
protect,3.1465551632885744
financi,3.4420193761824107
converg,3.4955080611333966
classifi,3.463072785380243
lagrang,3.7297014486341915
white,3.452490676049706
paradox,3.6888794541139363
metric,3.421400088979675
harmon,3.4011973816621555
facil,3.4420193761824107
temperatur,3.517731197918107
instrument,3.1621804811916556
ernest,3.6625621457965627
certif,3.847484484290575
textstyl,4.961845129926823
qft,5.44141821018871
imposs,3.02276094594191
character,3.324236340526027
replac,3.138833117194664
intersect,3.3335387331883406
beta,3.8319802977546096
rest,2.9374633654300153
revolut,3.278979748937906
realiz,3.036554268074246
nucleu,3.816712825623821
convers,3.079113882493042
inde,3.278979748937906
extrem,3.02276094594191
tell,2.9824870468039704
financ,3.278979748937906
quit,2.94377253462328
jstor,3.8319802977546096
sep,4.368781407923861
hahn,4.156219965940188
survey,3.3429284735381795
earn,3.1465551632885744
historian,3.649658740960655
latin,3.506557897319982
europ,3.2614354392869966
treatment,3.1085277676993353
reli,3.0647251450409425
per,3.1543373037306295
newslett,3.3058872018578307
background,3.1543373037306295
fermat,3.649658740960655
format,3.101092789211817
district,3.8632328412587142
chaotic,4.422848629194137
restrict,3.2614354392869966
operatornam,4.915325114291931
nonlinear,3.9459245571038273
typic,3.1621804811916556
directli,2.9824870468039704
andrew,3.324236340526027
min,3.7722610630529876
cancel,3.1941832122778293
notabl,2.9311937524164198
reserv,2.608204866132494
brief,3.1465551632885744
mission,3.2614354392869966
relev,2.9694149652366177
babylonian,4.0943445622221
held,2.995732273553991
beauti,3.138833117194664
green,3.371638579420611
intuit,3.2614354392869966
bce,4.199705077879927
jone,3.702302474446077
item,2.9374633654300153
draw,3.1085277676993353
countri,3.2527773765438823
centr,3.421400088979675
schrödinger,3.928830123744527
ultim,2.9501217623019387
lawrenc,3.4845789906012063
truman,4.11454726953962
thank,2.9565115604007097
quot,3.2441936328524905
minim,3.452490676049706
inequ,3.702302474446077
moment,2.9126173668434845
odd,3.3524072174927233
geniu,3.3335387331883406
hydrogen,3.517731197918107
bring,2.9065011398260485
money,3.1941832122778293
highli,3.0647251450409425
away,3.116018439428493
larger,3.123565645063876
taught,3.131170244449095
privat,3.1780538303479458
dx,4.54063166485052
birth,3.170085660698769
fund,3.315019685421103
reveal,3.071893634519555
creativ,2.824584017358162
detect,3.2527773765438823
berkeley,3.5996483203859935
compact,3.6369197151832253
eigenvalu,4.245167451956684
pioneer,3.235682943184582
charact,3.2968373663379125
hour,3.2968373663379125
week,3.0159349808715104
consider,3.101092789211817
suffici,3.2527773765438823
cross,3.1941832122778293
dualiti,4.156219965940188
decad,3.1780538303479458
electrodynam,3.56371631115993
stand,3.0159349808715104
rise,3.0091552938861317
lost,3.1465551632885744
behaviour,3.649658740960655
focu,2.962942450731
egyptian,4.074541934925921
en,2.9311937524164198
spectral,3.8632328412587142
focus,3.029633825229672
spread,3.20234652291699
cost,3.4845789906012063
reader,3.0159349808715104
decim,3.7722610630529876
perhap,3.138833117194664
weight,3.463072785380243
sound,3.270169119255751
earliest,3.6756342273639158
exhibit,3.287868696355152
się,5.0106352940962555
circuit,3.611918412977808
rightarrow,4.31748811353631
primari,3.0576076772720784
tuition,4.268697949366879
hanford,3.8632328412587142
manual,3.56371631115993
infinitesim,3.8632328412587142
pari,3.6625621457965627
ellipt,3.7578723256008875
evalu,3.421400088979675
hbar,5.367310238034988
weather,3.7722610630529876
molecul,3.7436876906089314
subsequ,3.2105770220535055
met,3.2527773765438823
mexico,3.463072785380243
cone,4.268697949366879
fractal,4.074541934925921
thesi,3.463072785380243
deep,3.071893634519555
ten,3.20234652291699
wiley,3.7159081265018554
land,3.4011973816621555
ga,3.7297014486341915
fail,3.1860860020452098
amazon,4.509860006183766
perturb,4.268697949366879
doubl,3.411247717515657
hall,3.361976668508874
ball,3.431656589146864
hard,3.138833117194664
anderson,3.8319802977546096
spheric,3.7436876906089314
master,3.131170244449095
theta,4.870873351721097
conclud,3.227244074538717
gold,3.816712825623821
island,3.5996483203859935
accomplish,3.3524072174927233
contemporari,3.235682943184582
low,3.3524072174927233
analog,3.3524072174927233
oscil,4.017383521085972
cosmolog,3.649658740960655
museum,3.421400088979675
classif,3.56371631115993
attend,3.138833117194664
child,3.2441936328524905
ago,3.4420193761824107
deduct,3.847484484290575
sensit,3.912023005428146
spring,3.473768074496991
outsid,3.1543373037306295
piec,3.2441936328524905
mother,3.315019685421103
western,3.649658740960655
lack,3.2614354392869966
roger,3.473768074496991
england,3.391247050808987
store,3.3058872018578307
filter,3.78685986247414
balanc,3.421400088979675
staff,3.540459448995663
simplifi,3.1621804811916556
shuttl,4.509860006183766
changesupload,3.3058872018578307
task,3.131170244449095
cubic,3.928830123744527
martin,3.473768074496991
assess,3.4420193761824107
understood,3.101092789211817
cycl,3.9459245571038273
principia,4.395449655006022
suppos,3.3429284735381795
display,3.324236340526027
photon,3.9459245571038273
appoint,3.2188758248682006
cardin,4.199705077879927
rho,5.0106352940962555
infecti,4.787491742782046
aim,3.1621804811916556
aid,3.235682943184582
und,4.017383521085972
faq,3.116018439428493
itali,3.506557897319982
stanford,3.6756342273639158
goal,3.02276094594191
request,3.2527773765438823
run,3.1780538303479458
hope,3.050540510048986
simultan,3.431656589146864
lub,5.061928588483807
procedur,3.2441936328524905
dictionari,3.235682943184582
spent,3.116018439428493
disciplin,3.170085660698769
solar,3.847484484290575
break,3.131170244449095
collaps,3.7297014486341915
archimed,3.8319802977546096
weak,3.517731197918107
insid,3.227244074538717
intellectu,3.3813947543659757
attack,3.575550768806933
treat,3.270169119255751
gamma,3.9810158769150976
implic,3.1621804811916556
attent,3.0435229373903394
unlock,3.7436876906089314
honor,3.1465551632885744
imagin,3.287868696355152
essay,3.463072785380243
difficulti,3.227244074538717
varieti,3.2188758248682006
motiv,3.4011973816621555
boltzmann,4.605170185988092
memori,3.315019685421103
exclus,3.2527773765438823
fellow,3.4420193761824107
peac,3.4955080611333966
rais,3.324236340526027
jean,3.4955080611333966
rememb,3.170085660698769
spectrum,3.611918412977808
trigonometri,3.4955080611333966
web,3.0159349808715104
got,3.050540510048986
orient,3.6625621457965627
god,3.912023005428146
boyer,4.961845129926823
entiti,3.552020271396739
uk,3.540459448995663
scatter,3.8319802977546096
bernoulli,4.05512384906882
arthur,3.463072785380243
smaller,3.3429284735381795
debat,3.473768074496991
architectur,3.452490676049706
diffus,4.135166556742356
brought,3.050540510048986
leo,3.649658740960655
win,3.287868696355152
remov,3.235682943184582
avoid,3.0647251450409425
daili,3.4011973816621555
kid,3.315019685421103
choos,3.131170244449095
load,3.270169119255751
underli,3.371638579420611
ac,3.7578723256008875
dr,3.6756342273639158
jump,2.962942450731
north,3.431656589146864
greec,3.702302474446077
mid,3.611918412977808
enrich,3.8016749482592807
syllabu,4.395449655006022
wilhelm,3.649658740960655
verifi,3.1085277676993353
distinguish,3.235682943184582
loui,3.421400088979675
internet,3.4011973816621555
segment,3.816712825623821
longer,3.1621804811916556
continuum,3.702302474446077
safeti,3.506557897319982
mathfrak,6.396929655216146
knew,3.2614354392869966
leader,3.431656589146864
hear,3.431656589146864
le,3.7159081265018554
treatis,3.649658740960655
johann,3.702302474446077
feel,3.235682943184582
youtub,2.9890877308353225
teller,4.0943445622221
largest,3.411247717515657
cut,3.270169119255751
harri,3.5996483203859935
noth,3.2188758248682006
similarli,3.3813947543659757
combinator,3.8319802977546096
enhanc,3.3429284735381795
pressur,3.702302474446077
saw,3.2441936328524905
split,3.431656589146864
pmid,4.135166556742356
radiu,3.7297014486341915
influenti,3.270169119255751
vari,3.3429284735381795
speak,3.170085660698769
ph,3.506557897319982
permut,4.11454726953962
corpor,3.3058872018578307
sci,4.368781407923861
custom,3.138833117194664
benefit,3.2105770220535055
marri,3.411247717515657
imaginari,3.8632328412587142
axi,3.7436876906089314
bridg,3.4845789906012063
transmiss,4.368781407923861
util,3.463072785380243
latest,3.2968373663379125
statu,3.3335387331883406
arrang,3.452490676049706
interv,3.5996483203859935
homomorph,4.674163057475043
undergradu,3.3335387331883406
maria,3.8954937034769355
boy,3.5996483203859935
iii,3.4955080611333966
reject,3.324236340526027
symmetr,3.624340932976365
cancer,3.56371631115993
appl,3.6625621457965627
rank,3.517731197918107
deliv,3.3335387331883406
wife,3.517731197918107
foreign,3.611918412977808
taylor,3.624340932976365
resolut,4.05512384906882
encyclopaedia,3.7722610630529876
mit,3.506557897319982
complic,3.1465551632885744
colour,4.222177933731985
fals,3.56371631115993
movement,3.361976668508874
otim,5.367310238034988
alli,3.7436876906089314
seven,3.270169119255751
sure,3.2188758248682006
cartesian,3.928830123744527
alexand,3.5996483203859935
poland,3.78685986247414
maintain,3.2527773765438823
gaug,4.156219965940188
circ,5.298317366548036
decay,3.879233182605155
qualiti,3.287868696355152
grow,3.3058872018578307
coin,3.847484484290575
aris,3.431656589146864
mathematica,3.8016749482592807
diagon,4.017383521085972
lise,4.54063166485052
nazi,3.3335387331883406
isotop,4.074541934925921
battl,3.7578723256008875
summer,3.411247717515657
logarithm,3.816712825623821
dover,3.7159081265018554
declar,3.540459448995663
quotient,4.036075654098125
celebr,3.287868696355152
anyth,3.138833117194664
african,3.6888794541139363
phd,3.649658740960655
maximum,3.4955080611333966
told,3.4955080611333966
frequent,3.138833117194664
nurs,3.879233182605155
binari,3.7578723256008875
flat,3.8954937034769355
appar,3.235682943184582
smith,3.7297014486341915
lower,3.3813947543659757
confirm,3.3058872018578307
rené,4.3428059215206005
categor,4.156219965940188
defens,3.6888794541139363
columbia,3.6888794541139363
cold,3.611918412977808
tau,5.233778845410465
simeq,6.907755278982137
bird,3.506557897319982
launch,3.575550768806933
sent,3.361976668508874
thousand,3.3524072174927233
joint,3.587526959853649
relativist,4.036075654098125
china,4.017383521085972
magnitud,3.649658740960655
repli,3.6888794541139363
spin,3.7722610630529876
belief,3.4420193761824107
lemma,3.9810158769150976
golden,4.222177933731985
geomet,4.480007043034085
disclaim,2.8764688527271733
input,3.56371631115993
substitut,3.7722610630529876
photograph,3.6369197151832253
otto,3.7436876906089314
equip,3.5290307531720404
fit,3.3429284735381795
trend,3.463072785380243
parti,3.575550768806933
jewish,3.575550768806933
estat,4.074541934925921
secondari,3.649658740960655
ia,4.639071737663773
readeditview,3.5290307531720404
surviv,3.506557897319982
hardi,4.268697949366879
roosevelt,4.05512384906882
box,3.4955080611333966
evolv,3.552020271396739
love,3.315019685421103
arbitrari,3.575550768806933
edu,3.7297014486341915
commonli,3.227244074538717
concret,3.611918412977808
quickli,3.1780538303479458
radic,3.702302474446077
transit,3.540459448995663
array,3.816712825623821
speech,3.816712825623821
ferguson,5.44141821018871
minut,3.3524072174927233
controversi,3.517731197918107
partner,3.315019685421103
usa,3.4955080611333966
excel,3.1860860020452098
expans,3.649658740960655
cooper,3.879233182605155
wilson,3.7578723256008875
trademark,2.9565115604007097
simon,3.4845789906012063
surrend,4.222177933731985
mathrm,5.0106352940962555
unsolv,4.074541934925921
stay,3.2527773765438823
lot,3.431656589146864
contradict,3.6369197151832253
specifi,3.506557897319982
proper,3.575550768806933
harvard,3.702302474446077
reprint,3.8016749482592807
horizon,4.245167451956684
spiral,4.368781407923861
def,5.926926025970411
easili,3.2105770220535055
puzzl,3.463072785380243
stem,3.5290307531720404
nearli,3.278979748937906
assembl,3.7722610630529876
creation,3.371638579420611
leq,4.710530701645918
epidem,5.521460917862246
ebook,4.605170185988092
egypt,4.017383521085972
send,3.552020271396739
literari,4.3428059215206005
manipul,3.4955080611333966
sort,3.3429284735381795
fire,3.506557897319982
poincaré,3.8319802977546096
anti,3.7436876906089314
dec,4.0943445622221
hidden,3.391247050808987
radio,3.7159081265018554
engag,3.270169119255751
conflict,3.649658740960655
spatial,3.8016749482592807
galilei,4.674163057475043
neural,4.199705077879927
profil,3.6756342273639158
buy,3.8954937034769355
comprehens,3.3335387331883406
elect,3.587526959853649
track,3.2614354392869966
verlag,3.847484484290575
daniel,3.624340932976365
kill,3.879233182605155
daughter,3.575550768806933
stop,3.452490676049706
agreement,3.649658740960655
vs,3.702302474446077
lesli,3.702302474446077
arrow,3.9810158769150976
trial,3.816712825623821
biograph,3.7722610630529876
contrast,3.315019685421103
profit,3.116018439428493
wrong,3.1465551632885744
maxim,3.8632328412587142
quick,3.0091552938861317
divers,3.315019685421103
men,3.4420193761824107
highlight,3.371638579420611
net,4.156219965940188
portal,3.473768074496991
walk,3.575550768806933
sport,3.3524072174927233
export,3.138833117194664
south,3.6888794541139363
transport,3.702302474446077
inner,3.8954937034769355
brown,3.78685986247414
apr,4.074541934925921
cbse,5.0106352940962555
grant,3.324236340526027
polish,3.8632328412587142
resolv,3.4955080611333966
previous,3.3524072174927233
cell,3.8954937034769355
systemat,3.4845789906012063
chanc,3.624340932976365
manuscript,3.78685986247414
red,3.7159081265018554
canon,4.036075654098125
suppli,3.56371631115993
brilliant,3.391247050808987
arm,3.575550768806933
cantor,4.11454726953962
hundr,3.391247050808987
attract,3.4420193761824107
mirror,3.8016749482592807
option,3.4420193761824107
ship,3.8016749482592807
quiz,3.6625621457965627
prefer,3.4845789906012063
admit,3.540459448995663
writer,3.4955080611333966
pre,3.4420193761824107
lagrangian,4.5723803631651005
sustain,3.540459448995663
clearli,3.431656589146864
necessarili,3.4420193761824107
isol,3.452490676049706
molecular,3.8319802977546096
id,3.7436876906089314
grammar,3.4011973816621555
polygon,3.912023005428146
religi,3.6369197151832253
particip,3.5290307531720404
watch,3.421400088979675
transfer,3.3335387331883406
convex,4.395449655006022
emphas,3.4845789906012063
church,4.05512384906882
sister,3.649658740960655
manner,3.2968373663379125
loss,3.5290307531720404
economi,3.9810158769150976
ldot,4.422848629194137
tangent,3.9459245571038273
databas,3.324236340526027
gaussian,4.036075654098125
fourth,3.575550768806933
hill,3.5996483203859935
former,3.452490676049706
geq,4.639071737663773
exp,5.0106352940962555
subscript,3.452490676049706
homogen,4.074541934925921
lambda,4.222177933731985
minimum,3.624340932976365
implement,3.517731197918107
implos,4.368781407923861
pile,4.036075654098125
bar,3.847484484290575
extra,3.847484484290575
fuel,3.7578723256008875
srinivasa,4.605170185988092
diverg,3.816712825623821
hewlett,5.061928588483807
prevent,3.517731197918107
incorpor,3.3813947543659757
th,4.222177933731985
inventor,3.6369197151832253
opportun,3.411247717515657
mix,3.702302474446077
commentari,3.9990343824177756
ap,3.9990343824177756
assert,3.7436876906089314
cognit,3.8954937034769355
fulli,3.371638579420611
vote,4.368781407923861
escap,3.6625621457965627
deton,4.0943445622221
forward,3.371638579420611
trigonometr,4.036075654098125
proven,3.517731197918107
command,3.847484484290575
congress,3.7578723256008875
stress,3.78685986247414
subspac,4.268697949366879
sale,3.5996483203859935
islam,4.135166556742356
scholarship,3.5290307531720404
cornel,3.8016749482592807
everyday,3.624340932976365
propag,4.05512384906882
mile,3.7722610630529876
emit,3.816712825623821
coupl,3.7436876906089314
norm,3.9810158769150976
flashcard,5.0106352940962555
ncert,5.298317366548036
epidemiolog,4.870873351721097
goe,3.463072785380243
trace,3.4845789906012063
induc,3.9459245571038273
virtual,3.4011973816621555
belong,3.6756342273639158
cohomolog,4.674163057475043
card,3.9990343824177756
compton,4.135166556742356
destruct,3.6756342273639158
nn,6.214608098422191
patent,4.292795500945939
honour,4.036075654098125
tag,3.4420193761824107
cloud,3.540459448995663
output,3.7578723256008875
princip,3.649658740960655
neither,3.361976668508874
trajectori,3.9990343824177756
announc,3.4955080611333966
king,3.912023005428146
moreov,3.5996483203859935
chosen,3.4845789906012063
fascin,3.391247050808987
chief,3.847484484290575
marshal,4.292795500945939
surround,3.4955080611333966
west,3.611918412977808
unlik,3.391247050808987
davi,3.78685986247414
highest,3.3429284735381795
compound,3.879233182605155
atmospher,3.8632328412587142
gödel,4.451019506160833
aristotl,4.017383521085972
ca,3.5996483203859935
hamiltonian,4.31748811353631
parent,3.575550768806933
clock,4.11454726953962
personnel,4.135166556742356
vaccin,4.177726171161152
era,3.4845789906012063
opinion,3.624340932976365
copenhagen,4.509860006183766
prior,3.421400088979675
resist,3.575550768806933
determinist,4.31748811353631
combinatori,4.0943445622221
adopt,3.575550768806933
sentenc,3.847484484290575
ibn,4.54063166485052
ensembl,4.915325114291931
ill,3.56371631115993
failur,3.624340932976365
minor,3.7578723256008875
modular,4.036075654098125
frank,3.8319802977546096
lee,4.177726171161152
irrat,3.7722610630529876
varepsilon,5.521460917862246
nikola,4.870873351721097
slow,3.649658740960655
forum,3.421400088979675
mysteri,3.4011973816621555
israel,3.587526959853649
convent,3.587526959853649
strateg,4.11454726953962
encrypt,4.639071737663773
crossref,6.060457418594933
radium,4.915325114291931
hom,6.060457418594933
intens,3.552020271396739
block,3.611918412977808
trust,3.3813947543659757
latter,3.587526959853649
conic,4.05512384906882
fiction,4.156219965940188
wherea,3.587526959853649
fear,3.540459448995663
phenomenon,3.587526959853649
annal,4.199705077879927
competit,3.6625621457965627
familiar,3.411247717515657
legal,3.3524072174927233
fill,3.3429284735381795
doubt,3.452490676049706
tax,4.199705077879927
adjoint,4.5723803631651005
strang,3.611918412977808
demand,3.702302474446077
cauchi,4.017383521085972
werner,3.879233182605155
republ,3.5290307531720404
bit,3.540459448995663
uniform,3.575550768806933
laureat,3.9459245571038273
exterior,4.509860006183766
canadian,4.787491742782046
concentr,3.7578723256008875
inject,4.787491742782046
treści,5.173154223594031
rome,3.9810158769150976
bundl,4.31748811353631
wheeler,3.928830123744527
disast,4.05512384906882
ignor,3.575550768806933
certainli,3.649658740960655
johnson,3.8954937034769355
awar,3.587526959853649
spanish,3.816712825623821
drawn,3.702302474446077
countabl,4.199705077879927
gap,3.816712825623821
blue,3.6369197151832253
heavi,3.702302474446077
platform,3.5290307531720404
brother,3.7578723256008875
encourag,3.473768074496991
modifi,3.624340932976365
agent,4.222177933731985
els,3.473768074496991
otherwis,3.4420193761824107
button,4.268697949366879
curriculum,3.8016749482592807
room,3.473768074496991
constitut,3.702302474446077
outlin,3.473768074496991
profound,3.4845789906012063
journey,3.391247050808987
monthli,3.9633162998156966
pascal,3.9459245571038273
thomson,4.199705077879927
silver,4.245167451956684
instagram,3.270169119255751
conceptu,3.8319802977546096
desir,3.4420193761824107
divisor,4.222177933731985
recognit,3.4955080611333966
founder,3.6888794541139363
capabl,3.4420193761824107
recreat,3.2105770220535055
destroy,3.7297014486341915
compass,4.05512384906882
intend,3.5996483203859935
badg,4.292795500945939
score,3.473768074496991
advantag,3.5290307531720404
di,4.199705077879927
repeat,3.431656589146864
eigenvector,4.674163057475043
wigner,4.0943445622221
qed,4.395449655006022
programm,3.912023005428146
arithmetica,4.199705077879927
faculti,3.6369197151832253
affair,3.847484484290575
im,4.480007043034085
editori,3.847484484290575
revers,3.7578723256008875
heritag,3.506557897319982
tutori,4.245167451956684
nonumb,6.396929655216146
phillip,4.395449655006022
worker,4.11454726953962
premium,3.702302474446077
acknowledg,3.227244074538717
dark,3.6625621457965627
fifth,3.7297014486341915
franklin,3.649658740960655
utc,3.2441936328524905
tour,3.6756342273639158
platon,4.5723803631651005
bank,3.879233182605155
angular,4.036075654098125
match,3.540459448995663
workshop,4.54063166485052
bush,4.480007043034085
calendar,3.8016749482592807
brain,3.8016749482592807
embed,3.8954937034769355
info,3.5996483203859935
contract,3.7578723256008875
quantifi,4.017383521085972
east,3.8632328412587142
flight,4.177726171161152
photo,3.5290307531720404
pauli,4.074541934925921
millennium,4.156219965940188
lewin,5.367310238034988
race,3.7722610630529876
nevertheless,3.6625621457965627
recurs,4.31748811353631
road,3.6756342273639158
diophantu,4.5723803631651005
rr,6.620073206530356
elast,4.0943445622221
suffer,3.5996483203859935
feed,3.9633162998156966
convinc,3.506557897319982
lattic,4.177726171161152
beam,3.879233182605155
window,4.017383521085972
analys,3.5996483203859935
url,3.624340932976365
felt,3.8016749482592807
deeper,3.702302474446077
subtract,3.9633162998156966
apart,3.575550768806933
cube,3.6625621457965627
cosmic,3.816712825623821
magic,3.7578723256008875
newtonian,4.074541934925921
invest,3.928830123744527
mode,3.8632328412587142
execut,3.7159081265018554
roll,3.8632328412587142
plato,4.177726171161152
captur,3.5996483203859935
accuraci,3.552020271396739
drive,3.624340932976365
galaxi,4.451019506160833
twentieth,3.7578723256008875
implicit,4.222177933731985
sociolog,3.7578723256008875
pursu,3.473768074496991
deviat,3.928830123744527
riemannian,4.422848629194137
infer,3.9810158769150976
empti,3.6888794541139363
analyst,4.509860006183766
barrier,4.480007043034085
ann,4.036075654098125
mod,4.710530701645918
tex,4.5723803631651005
civilian,3.9990343824177756
annual,3.575550768806933
metal,3.816712825623821
gov,4.074541934925921
convert,3.5290307531720404
franci,3.7722610630529876
metaphys,4.11454726953962
invit,3.552020271396739
gate,3.9459245571038273
width,3.56371631115993
extract,3.9459245571038273
front,3.702302474446077
xx,5.521460917862246
inclus,4.074541934925921
mail,3.9459245571038273
spell,3.78685986247414
enrol,3.8632328412587142
shorten,3.227244074538717
eight,3.611918412977808
homework,4.480007043034085
purchas,3.7436876906089314
gase,4.11454726953962
compos,3.624340932976365
aug,4.451019506160833
talent,3.5290307531720404
domin,3.540459448995663
miss,3.7297014486341915
ergod,4.8283137373023015
qr,3.2441936328524905
possess,3.517731197918107
eugen,3.8954937034769355
reduct,3.912023005428146
artist,3.7578723256008875
bibliographi,3.816712825623821
invas,4.05512384906882
walter,3.816712825623821
podcast,3.463072785380243
incomplet,3.9633162998156966
moral,3.8319802977546096
semant,4.292795500945939
rss,3.8319802977546096
frame,4.05512384906882
faster,3.6756342273639158
smallest,3.6888794541139363
clinic,4.017383521085972
rhode,4.5723803631651005
lean,4.915325114291931
pubm,4.748271029628765
liquid,3.8016749482592807
impress,3.552020271396739
promin,3.463072785380243
britain,4.074541934925921
stoke,4.3428059215206005
overal,3.56371631115993
ye,3.6756342273639158
russel,3.9990343824177756
noncommut,4.480007043034085
quantiz,4.54063166485052
eye,3.6625621457965627
secreci,4.31748811353631
orthogon,4.292795500945939
caltech,4.245167451956684
novel,3.6369197151832253
reliabl,3.8632328412587142
conform,4.156219965940188
surpris,3.517731197918107
poisson,4.135166556742356
astrophys,4.222177933731985
cat,4.156219965940188
consent,4.199705077879927
peano,4.674163057475043
commit,3.5996483203859935
amplitud,4.451019506160833
correl,3.9459245571038273
primarili,3.649658740960655
decomposit,4.05512384906882
wise,4.156219965940188
libretext,4.509860006183766
studysmart,5.608472294851876
upgrad,4.31748811353631
karl,3.9810158769150976
tower,3.816712825623821
unifi,3.624340932976365
mar,3.8319802977546096
klein,4.074541934925921
comparison,3.611918412977808
span,3.8016749482592807
stabl,3.879233182605155
mathcal,5.608472294851876
partit,3.912023005428146
prop,5.809142990314028
ln,5.115995809754082
companion,3.517731197918107
promot,3.506557897319982
kingdom,3.78685986247414
conceiv,3.816712825623821
bell,3.8016749482592807
bnf,3.8954937034769355
markov,5.0106352940962555
robot,4.3428059215206005
vanish,4.177726171161152
pl,4.748271029628765
warn,3.8632328412587142
campu,3.8319802977546096
secretari,4.017383521085972
sweden,3.9810158769150976
quantit,3.8016749482592807
massachusett,3.7722610630529876
russia,3.912023005428146
stationari,4.245167451956684
jun,3.7159081265018554
dc,4.451019506160833
adam,3.912023005428146
burn,3.847484484290575
street,3.575550768806933
alon,3.431656589146864
zeta,4.54063166485052
vibrat,4.036075654098125
dual,4.177726171161152
oppos,3.587526959853649
mutual,3.9810158769150976
lebesgu,4.605170185988092
przez,5.233778845410465
jr,3.8319802977546096
abi,5.367310238034988
steven,4.017383521085972
mental,3.6888794541139363
elimin,3.8016749482592807
mere,3.587526959853649
recal,3.6888794541139363
massiv,3.7297014486341915
covid,4.268697949366879
rout,4.11454726953962
hermann,3.9633162998156966
laid,3.587526959853649
devot,3.649658740960655
messag,3.9990343824177756
reciproc,4.05512384906882
explicit,3.8954937034769355
interior,3.7578723256008875
aa,4.8283137373023015
someon,3.6625621457965627
aircraft,4.422848629194137
trivial,3.8016749482592807
realm,3.587526959853649
thermal,4.11454726953962
pacif,4.135166556742356
communist,4.5723803631651005
harmoni,4.674163057475043
dutch,4.074541934925921
downarrow,6.620073206530356
nine,3.78685986247414
intrins,4.268697949366879
knot,4.787491742782046
worldwid,3.5290307531720404
court,3.912023005428146
kurt,4.3428059215206005
wonder,3.540459448995663
circular,3.611918412977808
subgroup,4.422848629194137
frisch,4.639071737663773
kepler,4.135166556742356
primit,4.036075654098125
gift,3.540459448995663
enjoy,3.517731197918107
explicitli,3.702302474446077
anyon,3.587526959853649
instruct,3.6625621457965627
appreci,3.611918412977808
cylind,4.0943445622221
harrison,4.8283137373023015
economist,4.54063166485052
neet,5.809142990314028
node,4.605170185988092
succeed,3.6369197151832253
laplac,4.11454726953962
strength,3.649658740960655
danish,4.222177933731985
suitabl,3.7297014486341915
canada,3.8632328412587142
bbc,4.292795500945939
sharealik,3.270169119255751
overflow,4.748271029628765
bronz,4.605170185988092
voic,4.11454726953962
height,3.6756342273639158
schedul,3.928830123744527
chord,4.748271029628765
colon,5.44141821018871
ptolemi,4.368781407923861
linguist,4.074541934925921
upper,3.847484484290575
girl,3.9990343824177756
hererel,3.278979748937906
linkpag,3.287868696355152
breakthrough,3.6888794541139363
shortli,3.5290307531720404
bachelor,4.422848629194137
gribbin,5.44141821018871
tip,3.7159081265018554
vertex,4.480007043034085
gregori,4.245167451956684
wedg,5.233778845410465
pappu,5.0106352940962555
hookrightarrow,6.907755278982137
discrep,3.879233182605155
pagesperman,3.287868696355152
urldownload,3.287868696355152
christoph,3.847484484290575
chair,3.8954937034769355
stabil,3.8632328412587142
ml,4.787491742782046
ordin,4.605170185988092
handl,3.6369197151832253
hospit,4.135166556742356
behav,3.7578723256008875
password,3.7436876906089314
quad,4.710530701645918
mediev,4.177726171161152
sine,4.177726171161152
rectangl,4.222177933731985
reklam,5.608472294851876
ff,5.703782474656201
vast,3.6369197151832253
proton,4.292795500945939
freedom,3.8632328412587142
pdfprintabl,3.2968373663379125
feder,3.879233182605155
adapt,3.6888794541139363
petersburg,5.061928588483807
lay,3.5996483203859935
significantli,3.611918412977808
seek,3.540459448995663
javascript,3.4955080611333966
ny,3.816712825623821
graphit,4.422848629194137
advis,3.879233182605155
summar,3.7297014486341915
vision,3.702302474446077
filespeci,3.3058872018578307
informationcit,3.3058872018578307
pageget,3.3058872018578307
codewikidata,3.3058872018578307
iv,3.816712825623821
vital,3.7578723256008875
night,3.8016749482592807
netherland,3.928830123744527
basel,4.5723803631651005
chat,4.0943445622221
plot,3.9810158769150976
consult,3.6369197151832253
configur,3.928830123744527
soc,4.199705077879927
kinet,4.177726171161152
po,4.605170185988092
coloneqq,7.313220387090301
mla,3.8319802977546096
classroom,3.702302474446077
furthermor,3.702302474446077
polar,4.036075654098125
boson,4.748271029628765
od,5.0106352940962555
cheat,5.061928588483807
galleri,3.4955080611333966
entertain,3.473768074496991
contributor,3.411247717515657
contributionstalk,3.324236340526027
town,3.8954937034769355
binomi,3.879233182605155
gray,4.036075654098125
archaeolog,4.674163057475043
oldest,3.8016749482592807
wait,3.473768074496991
grand,3.8954937034769355
affili,3.78685986247414
safe,3.6625621457965627
substanc,4.017383521085972
invert,4.135166556742356
revolutionari,3.6888794541139363
complement,4.135166556742356
clearanc,4.395449655006022
greatli,3.611918412977808
permiss,3.624340932976365
pagecontentscurr,3.3335387331883406
eventsrandom,3.3335387331883406
articleabout,3.3335387331883406
wikipediacontact,3.3335387331883406
usdon,3.3335387331883406
helplearn,3.3335387331883406
editcommun,3.3335387331883406
portalrec,3.3335387331883406
tripl,4.0943445622221
excit,3.7159081265018554
damag,4.11454726953962
terminolog,3.7436876906089314
loop,3.8632328412587142
florenc,4.3428059215206005
fun,4.0943445622221
jak,5.233778845410465
fat,4.368781407923861
da,4.05512384906882
delay,4.017383521085972
declin,3.912023005428146
wall,3.8954937034769355
bang,4.31748811353631
boolean,4.245167451956684
quasi,4.674163057475043
scenario,4.222177933731985
microscop,4.11454726953962
accid,4.268697949366879
decreas,3.879233182605155
pmc,4.605170185988092
nie,5.173154223594031
incid,4.036075654098125
oplu,6.396929655216146
mathsncert,5.298317366548036
session,4.177726171161152
rocket,4.3428059215206005
circumfer,4.177726171161152
articletalk,3.3524072174927233
approv,3.9990343824177756
mostli,3.6625621457965627
wish,3.5996483203859935
boston,3.928830123744527
cc,4.05512384906882
negat,4.710530701645918
alfr,3.8954937034769355
plu,3.7578723256008875
pilot,4.0943445622221
refresh,3.8954937034769355
swiss,4.31748811353631
kept,3.7578723256008875
roughli,3.7159081265018554
wast,4.3428059215206005
none,3.702302474446077
constraint,4.036075654098125
ontolog,4.915325114291931
leadership,3.928830123744527
readi,3.9459245571038273
robertson,4.0943445622221
passion,3.8016749482592807
ce,4.451019506160833
sharma,4.915325114291931
hypotenus,4.870873351721097
landscap,3.8632328412587142
descriptionshort,3.371638579420611
screen,4.11454726953962
strongli,3.8632328412587142
methodolog,3.9810158769150976
resid,3.928830123744527
forecast,4.177726171161152
tube,4.395449655006022
sime,5.926926025970411
tild,6.396929655216146
danger,3.7578723256008875
geolog,3.5996483203859935
closer,3.702302474446077
solvabl,4.509860006183766
sought,3.7722610630529876
carlo,4.3428059215206005
czech,3.517731197918107
huge,3.649658740960655
epistemolog,4.639071737663773
valuabl,3.575550768806933
macro,5.173154223594031
diophantin,4.268697949366879
diamet,4.156219965940188
nuclei,4.268697949366879
groundbreak,3.78685986247414
cup,4.605170185988092
apa,3.9633162998156966
council,3.9990343824177756
heart,3.587526959853649
fuch,4.480007043034085
sector,3.912023005428146
compress,3.9990343824177756
donat,4.05512384906882
tfrac,5.367310238034988
banach,4.451019506160833
doe,4.422848629194137
browser,3.879233182605155
rd,5.0106352940962555
trade,4.199705077879927
bombard,4.3428059215206005
pose,3.7436876906089314
campaign,4.156219965940188
unusu,3.7297014486341915
winner,3.8954937034769355
heard,3.8016749482592807
motor,4.395449655006022
absorb,4.05512384906882
programsjava,5.521460917862246
suscept,5.298317366548036
kernel,4.710530701645918
sm,6.060457418594933
pm,4.156219965940188
celesti,4.0943445622221
enorm,3.6888794541139363
scott,3.9990343824177756
closur,4.135166556742356
navi,4.11454726953962
agenc,4.11454726953962
manufactur,3.9459245571038273
delv,4.017383521085972
html,4.199705077879927
isabel,6.060457418594933
hindu,4.422848629194137
sciencencert,5.298317366548036
coach,4.5723803631651005
hungarian,4.31748811353631
refus,3.8016749482592807
depict,3.8954937034769355
lifetim,3.9459245571038273
notebook,4.422848629194137
realist,4.222177933731985
presenc,3.702302474446077
pisa,4.31748811353631
mactutor,4.017383521085972
cosin,4.268697949366879
gleick,5.173154223594031
everyon,3.7159081265018554
bulletin,4.222177933731985
dedic,3.6625621457965627
iter,4.31748811353631
onto,3.9633162998156966
pay,3.7436876906089314
substanti,3.9459245571038273
florida,4.268697949366879
simplic,3.9990343824177756
feb,4.268697949366879
capit,4.11454726953962
probabilist,4.11454726953962
shop,3.9990343824177756
glossari,3.8954937034769355
watt,4.961845129926823
schwinger,4.451019506160833
varianc,4.748271029628765
broad,3.7578723256008875
si,4.509860006183766
wire,4.05512384906882
unabl,3.8319802977546096
cohen,4.177726171161152
uniti,4.368781407923861
instructor,3.847484484290575
vacuum,4.177726171161152
clay,4.395449655006022
dla,5.115995809754082
hoddeson,5.173154223594031
tennesse,4.177726171161152
tablet,4.422848629194137
encount,3.649658740960655
apolloniu,4.674163057475043
candid,4.156219965940188
scope,3.8632328412587142
sea,4.017383521085972
transact,4.11454726953962
nonzero,4.509860006183766
informacj,4.915325114291931
del,4.199705077879927
thale,4.395449655006022
tab,4.8283137373023015
eric,4.074541934925921
reconstruct,4.156219965940188
meant,3.7297014486341915
cathol,4.509860006183766
river,4.017383521085972
consum,4.036075654098125
margin,4.0943445622221
rev,4.11454726953962
obviou,3.7578723256008875
tend,3.847484484290575
label,4.11454726953962
fluctuat,4.54063166485052
renorm,4.915325114291931
documentari,4.245167451956684
guidelin,3.928830123744527
danych,5.44141821018871
icon,4.268697949366879
ulam,4.674163057475043
draft,3.9459245571038273
preced,3.9459245571038273
regul,4.036075654098125
somewhat,3.78685986247414
sky,4.245167451956684
vice,3.9633162998156966
penros,4.422848629194137
nice,3.847484484290575
advoc,3.8954937034769355
intric,4.222177933731985
unitari,4.787491742782046
victor,4.199705077879927
employe,4.395449655006022
dt,5.061928588483807
khwarizmi,5.115995809754082
kenneth,4.135166556742356
tune,4.605170185988092
sde,5.367310238034988
nm,4.605170185988092
conant,4.710530701645918
lifestyl,3.6888794541139363
ton,4.5723803631651005
wolfgang,3.928830123744527
heinrich,4.31748811353631
memoir,4.036075654098125
preview,4.292795500945939
bottom,3.9990343824177756
easier,3.702302474446077
fair,3.9990343824177756
condens,4.222177933731985
childhood,3.928830123744527
depth,3.6888794541139363
car,4.017383521085972
intervent,4.480007043034085
driven,3.9810158769150976
epsilon,4.8283137373023015
gibb,4.674163057475043
samo,5.061928588483807
threat,3.9810158769150976
wiki,4.480007043034085
adult,3.912023005428146
truli,3.6888794541139363
stock,4.135166556742356
expos,4.199705077879927
confus,3.879233182605155
mountain,3.912023005428146
discours,4.451019506160833
samuel,4.222177933731985
rare,3.78685986247414
deni,3.847484484290575
unsourc,4.509860006183766
reset,4.074541934925921
inertia,4.3428059215206005
increasingli,3.816712825623821
dick,4.961845129926823
am,4.915325114291931
attractor,5.173154223594031
shell,3.8632328412587142
upsc,5.521460917862246
gun,4.54063166485052
recruit,3.912023005428146
mainli,3.7578723256008875
movi,4.268697949366879
stuff,4.3428059215206005
chronolog,4.0943445622221
renown,3.7436876906089314
twice,3.8632328412587142
compil,3.879233182605155
pendulum,4.639071737663773
hot,3.9459245571038273
sa,3.847484484290575
forev,3.8319802977546096
renaiss,4.3428059215206005
render,3.879233182605155
sherwin,5.233778845410465
python,4.509860006183766
lewi,4.156219965940188
advisori,4.11454726953962
ocean,4.222177933731985
lorenz,5.061928588483807
seller,5.061928588483807
bear,3.847484484290575
verifiedcit,4.199705077879927
channel,3.9810158769150976
marriag,4.05512384906882
perpendicular,4.222177933731985
portion,3.912023005428146
mathematisch,4.748271029628765
curios,4.036075654098125
liber,3.9990343824177756
templat,3.7297014486341915
theolog,4.451019506160833
anthropolog,4.31748811353631
planetari,4.0943445622221
nu,5.367310238034988
hol,7.313220387090301
courtesi,4.268697949366879
simpler,3.912023005428146
weber,4.605170185988092
slightli,3.912023005428146
ernst,4.177726171161152
über,4.748271029628765
swedish,4.31748811353631
elsevi,4.156219965940188
amsterdam,4.422848629194137
violat,4.11454726953962
weyl,4.422848629194137
permit,3.9633162998156966
guess,4.05512384906882
sell,3.8954937034769355
covari,4.748271029628765
senior,3.928830123744527
hermitian,4.961845129926823
rene,5.173154223594031
cool,4.177726171161152
factual,4.156219965940188
glass,4.074541934925921
alan,4.017383521085972
corp,4.135166556742356
signatur,4.11454726953962
husband,4.395449655006022
acquir,3.9810158769150976
disput,4.245167451956684
asymptot,4.3428059215206005
lose,3.8016749482592807
indefinit,4.036075654098125
symplect,4.748271029628765
nov,4.292795500945939
remaind,4.135166556742356
wavelength,4.605170185988092
antiqu,4.480007043034085
counter,3.9810158769150976
maa,4.870873351721097
registr,4.54063166485052
incred,3.9633162998156966
occupi,3.9459245571038273
anniversari,4.05512384906882
conveni,3.928830123744527
spirit,4.036075654098125
recov,4.0943445622221
favor,4.0943445622221
pick,3.7578723256008875
bill,4.0943445622221
super,4.268697949366879
dream,4.199705077879927
prison,4.748271029628765
collis,4.480007043034085
philip,4.074541934925921
singh,4.451019506160833
billion,4.036075654098125
pivot,4.036075654098125
pai,5.233778845410465
inscrib,4.222177933731985
dp,5.115995809754082
promis,3.9810158769150976
struggl,3.8319802977546096
oral,4.292795500945939
inquiri,3.9990343824177756
rapidli,3.912023005428146
heath,4.674163057475043
hamilton,3.9810158769150976
edinburgh,4.787491742782046
heavili,3.9633162998156966
refin,3.8319802977546096
smart,4.268697949366879
sat,4.05512384906882
keyword,4.245167451956684
chemist,4.0943445622221
englishncert,5.298317366548036
conjug,4.480007043034085
gaseou,4.870873351721097
sub,3.9633162998156966
fossil,3.8016749482592807
devis,3.847484484290575
benjamin,4.11454726953962
paint,4.017383521085972
exhaust,4.05512384906882
visitor,4.3428059215206005
dead,4.11454726953962
deepli,3.816712825623821
disk,4.787491742782046
commerci,4.245167451956684
frederick,4.3428059215206005
jacob,4.0943445622221
coincid,4.036075654098125
emiss,4.3428059215206005
surgeri,4.451019506160833
statistician,4.8283137373023015
gottfri,4.222177933731985
cap,4.710530701645918
biject,4.787491742782046
transpos,4.674163057475043
dy,5.173154223594031
siev,5.115995809754082
signup,5.608472294851876
organis,4.368781407923861
soul,4.480007043034085
slope,4.368781407923861
phone,3.8632328412587142
abraham,4.017383521085972
specul,3.9633162998156966
episod,4.222177933731985
switch,4.05512384906882
java,4.509860006183766
crime,4.5723803631651005
asian,4.222177933731985
audienc,3.7722610630529876
push,3.912023005428146
tini,3.9990343824177756
physiolog,3.9459245571038273
nichol,4.961845129926823
drake,5.608472294851876
syllabusje,5.608472294851876
cart,4.3428059215206005
deutsch,4.017383521085972
appendix,4.156219965940188
theon,4.870873351721097
glenn,4.0943445622221
affin,4.54063166485052
handbook,4.292795500945939
du,4.31748811353631
saint,4.480007043034085
grothendieck,4.639071737663773
sophist,3.8632328412587142
perfectli,3.9633162998156966
citizen,4.0943445622221
tank,4.8283137373023015
nash,5.0106352940962555
food,4.036075654098125
franck,4.422848629194137
firm,4.268697949366879
rsa,5.0106352940962555
coq,6.907755278982137
espionag,5.173154223594031
everywher,3.8632328412587142
weekli,4.11454726953962
arc,4.199705077879927
observatori,4.787491742782046
newli,3.879233182605155
extent,3.912023005428146
agricultur,4.156219965940188
venu,4.368781407923861
eleg,3.9633162998156966
twenti,3.8954937034769355
alert,4.31748811353631
interfer,4.54063166485052
expon,4.395449655006022
resembl,4.017383521085972
shortest,4.748271029628765
cyril,5.0106352940962555
foil,5.521460917862246
mogą,5.608472294851876
shock,4.135166556742356
wit,3.847484484290575
satellit,4.0943445622221
prioriti,4.177726171161152
simplest,3.912023005428146
finish,3.879233182605155
geodes,4.915325114291931
donald,4.222177933731985
gradient,4.5723803631651005
leverag,4.870873351721097
miller,4.222177933731985
wind,4.199705077879927
linearli,4.787491742782046
deform,4.422848629194137
zł,5.521460917862246
lorentz,4.3428059215206005
brahmagupta,4.748271029628765
blast,4.5723803631651005
capac,3.8954937034769355
slit,5.233778845410465
fame,3.928830123744527
dismiss,3.912023005428146
quaternion,4.451019506160833
horizont,4.199705077879927
imperi,4.5723803631651005
hypothes,4.11454726953962
appeal,3.9990343824177756
realism,4.961845129926823
lift,4.605170185988092
brogli,4.5723803631651005
corner,4.199705077879927
partnerów,6.620073206530356
wood,4.31748811353631
spend,3.928830123744527
facilit,3.9810158769150976
foot,4.05512384906882
austrian,4.395449655006022
multi,4.0943445622221
percept,4.135166556742356
displac,4.268697949366879
inher,3.9810158769150976
unfortun,3.9459245571038273
feet,4.451019506160833
sheet,4.135166556742356
geiger,5.298317366548036
vec,5.703782474656201
eta,5.608472294851876
seaborg,4.395449655006022
medium,4.074541934925921
marbl,5.115995809754082
mersenn,5.115995809754082
pop,3.78685986247414
morn,4.017383521085972
plate,4.422848629194137
introductori,3.9459245571038273
ada,4.245167451956684
defend,4.509860006183766
lord,4.31748811353631
triangular,4.509860006183766
klau,4.199705077879927
roy,4.509860006183766
worth,3.9459245571038273
intermedi,4.222177933731985
thinker,4.036075654098125
therapi,4.199705077879927
healthcar,4.156219965940188
brane,6.060457418594933
respond,4.036075654098125
monitor,4.31748811353631
vehicl,4.395449655006022
fellowship,4.222177933731985
prompt,4.0943445622221
gay,4.54063166485052
papyru,4.509860006183766
wartim,4.3428059215206005
transcript,4.395449655006022
tr,5.233778845410465
explod,4.135166556742356
urban,4.509860006183766
metamath,6.907755278982137
hit,4.036075654098125
besid,3.9810158769150976
eastern,4.31748811353631
modulo,4.54063166485052
supplement,4.036075654098125
harold,4.156219965940188
ture,4.395449655006022
confid,3.9459245571038273
adequ,4.05512384906882
michel,4.222177933731985
mine,4.177726171161152
simplici,5.367310238034988
erwin,4.292795500945939
shall,4.674163057475043
edison,5.521460917862246
copernican,5.173154223594031
eratosthen,4.5723803631651005
byju,5.608472294851876
ker,6.060457418594933
primal,5.44141821018871
eq,5.926926025970411
geograph,4.199705077879927
gather,3.912023005428146
reput,4.017383521085972
advisor,4.0943445622221
legendr,4.480007043034085
justifi,4.199705077879927
sole,3.816712825623821
stamp,4.54063166485052
scheme,4.036075654098125
brian,4.074541934925921
doctrin,4.451019506160833
settl,3.928830123744527
unless,4.036075654098125
indetermin,4.54063166485052
micro,4.674163057475043
happi,3.9459245571038273
connor,4.177726171161152
historia,4.605170185988092
commerc,4.31748811353631
dsa,5.298317366548036
guest,4.156219965940188
infograph,3.912023005428146
subatom,4.292795500945939
presidenti,4.395449655006022
seriou,3.9810158769150976
dedekind,4.509860006183766
catherin,4.509860006183766
queen,4.222177933731985
pack,4.268697949366879
lens,4.422848629194137
fine,3.9633162998156966
twin,4.5723803631651005
phrase,4.017383521085972
approx,5.0106352940962555
strictli,4.0943445622221
round,4.05512384906882
spi,4.710530701645918
transmit,4.222177933731985
metallurg,4.395449655006022
revolution,4.156219965940188
norman,4.422848629194137
ibm,4.8283137373023015
learner,4.156219965940188
parallelogram,4.710530701645918
cardano,4.915325114291931
australian,5.173154223594031
genet,4.422848629194137
jordan,4.199705077879927
notescbs,5.298317366548036
voltag,4.5723803631651005
logist,4.54063166485052
angel,4.177726171161152
dramat,3.9459245571038273
katherin,4.480007043034085
instant,4.199705077879927
deduc,3.9459245571038273
percent,4.54063166485052
augustin,4.245167451956684
lccn,3.8016749482592807
pull,4.222177933731985
fortun,3.928830123744527
tension,4.177726171161152
insist,4.11454726953962
murder,4.915325114291931
admiss,4.199705077879927
visibl,4.199705077879927
fli,4.31748811353631
oct,4.422848629194137
edmund,4.31748811353631
toss,5.367310238034988
dyson,4.605170185988092
transcendent,4.395449655006022
sur,4.268697949366879
slide,4.674163057475043
fusion,4.177726171161152
feasibl,4.368781407923861
mizar,6.907755278982137
compartment,5.233778845410465
hardcov,5.233778845410465
correctli,3.928830123744527
layer,4.368781407923861
televis,4.292795500945939
disturb,4.674163057475043
reson,4.3428059215206005
enlighten,4.368781407923861
vienna,4.509860006183766
